colonia,Calle,# de casa,Código postal,Unnamed: 4,Coordenadas,Latitud,Longitud
GARIBAY,DAMASCO,785,44750,Guadalajara,"(20.6735769, -103.2949879)",20.6735769,-103.2949879
EL COLLY URBANO I,VOLCAN VESUBIO,2321,45070,zapopan,"(20.6413426, -103.4276583)",20.6413426,-103.4276583
CANTEROS,PRIVADA CANTERO,1564,45190,zapopan,"(20.727049, -103.338664)",20.727049,-103.338664
BALCONES DE OBLATOS,ROSA RODRIGUEZ,3876,44720,Guadalajara,"(20.6952319, -103.2769238)",20.6952319,-103.2769238
SANTA ANA TEPETITLAN,HIDALGO,35,45230,zapopan,"(20.6208991, -103.456008)",20.6208991,-103.456008
LOS ALMENDROS,ANTONIO GARCIA,3912,44240,Guadalajara,"(20.71497565, -103.32990165)",20.71497565,-103.32990165
JARDINES DE LA CRUZ,REYES CATOLICOS,2151,44950,Guadalajara,"(20.6484926, -103.3785224)",20.6484926,-103.3785224
OBLATOS PONIENTE,HACIENDA LA GAV,3208,44700,Guadalajara,"(20.70242063, -103.29362327)",20.70242063,-103.29362327
JARDINES DEL NILO,HERNANDO ALVARA,3254,44860,Guadalajara,"(20.6437163, -103.2937008)",20.6437163,-103.2937008
LA VENTA DEL ASTILLE,JILGEROS,33,45221,zapopan,"(20.7322419, -103.53937)",20.7322419,-103.53937
LOMAS DEL PARADERO,LUIS QUINTANAR,746,44840,Guadalajara,"(20.650031, -103.3199848)",20.650031,-103.3199848
REAL DE VALDEPE?S,ALAMBIQUE,51,45130,zapopan,"(20.7560515, -103.4015362)",20.7560515,-103.4015362
VICENTE GUERRERO,C CEDROS,15,45134,zapopan,"(20.76620138, -103.44005896)",20.76620138,-103.44005896
VIGIA I,HERRADURA,242,45140,zapopan,"(20.7327233, -103.3938158)",20.7327233,-103.3938158
EL HUMEDO,RIO ACAPONETA,2,45200,zapopan,"(20.79223045, -103.49079055)",20.79223045,-103.49079055
FRACC CUSPIDE,SAN MATEO 1155,27,45200,zapopan,"(20.800514, -103.471556)",20.800514,-103.471556
OBLATOS PONIENTE,HDA LAS CRUCES,2158,44700,Guadalajara,"(20.69361, -103.2988478)",20.69361,-103.2988478
COLLY SITIO,ROMANA,6570,45036,zapopan,"(20.65405268, -103.43991018)",20.65405268,-103.43991018
RINCONADA DL AUDITOR,ALBERTO CINTA,39,45180,zapopan,"(20.7367901, -103.3424097)",20.7367901,-103.3424097
UNIDAD MEXICO,CDA QUERETARO,278,45120,zapopan,"(20.6804779, -103.4039896)",20.6804779,-103.4039896
EL ARENAL,CUAUHTEMOC,132,45350,zapopan,"(20.7731469, -103.6976762)",20.7731469,-103.6976762
MIGUEL HIDALGO,15 DE SEPTIEMBR,3017,45186,zapopan,"(20.748896, -103.340873)",20.748896,-103.340873
LA MARTINICA,PASEO DE LOS AL,79,45185,zapopan,"(20.7486661, -103.3692287)",20.7486661,-103.3692287
12 DE DICIEMBRE,TRUENO,260,45068,zapopan,"(20.6491888, -103.457067)",20.6491888,-103.457067
REAL DE VALDEPE?S,RINCONADA DEL C,1327,45130,zapopan,"(20.75622519, -103.40385961)",20.75622519,-103.40385961
U H ATLAS,RIO VOLGA,1386,44870,Guadalajara,"(20.6505549, -103.330706)",20.6505549,-103.330706
AGRICOLA,OBELISCO,138,45236,zapopan,"(20.616065, -103.432436)",20.616065,-103.432436
TRANSITO,AV CIRCUNVALANC,479,44298,Guadalajara,"(20.70734215, -103.33797455)",20.70734215,-103.33797455
U H LAZARO CARDENAS,OTHON BLANCO CA,4087,44490,Guadalajara,"(20.6213652, -103.3783249)",20.6213652,-103.3783249
SAN VICENTE,MONTES MARCIANO,2173,44330,Guadalajara,"(20.70378, -103.3159849)",20.70378,-103.3159849
LADRON DE GUEVARA,AVENIDA AMERICA,620,44600,Guadalajara,"(20.6874428, -103.3731335)",20.6874428,-103.3731335
COPALITA,AV AMARANTO,175,45200,zapopan,"(20.80876206, -103.45177613)",20.80876206,-103.45177613
PRADOS TEPEYAC,PRADO DE LAS GA,4468,45050,zapopan,"(20.654827, -103.413214)",20.654827,-103.413214
ARENALES TAPATIOS,CROMITA,69,45066,zapopan,"(20.633538, -103.4592391)",20.633538,-103.4592391
ARTESANOS,GENERAL EULOGIO,712,44200,Guadalajara,"(20.6872139, -103.3505809)",20.6872139,-103.3505809
MESA COLORADA PTE,DELLI,1825,45189,zapopan,"(20.7704348, -103.3478953)",20.7704348,-103.3478953
MIRAVALLE,MAURICIO CAMPOS,512,44990,Guadalajara,"(20.6094738, -103.3478201)",20.6094738,-103.3478201
RINCONADA DEL BOSQUE,AV ECONOMOS,6951,44510,Guadalajara,"(20.6932177, -103.4452959)",20.6932177,-103.4452959
LOMAS DEL PRADERO,AV PRESIDENTE,2235,44840,Guadalajara,"(20.648519, -103.3130901)",20.648519,-103.3130901
JARDINES DEL COUNTRY,ENRIQUE DIAZ DE,2336,44210,Guadalajara,"(20.70909855, -103.36048462)",20.70909855,-103.36048462
JARDINES  DEL BOSQUE,PLACERES,806,44520,zapopan,"(20.6650289, -103.3922401)",20.6650289,-103.3922401
RINCONADA DE HUENTITAN,JUAN CARRASCO,5234,44250,Guadalajara,"(20.7334639, -103.3219648)",20.7334639,-103.3219648
EL CENTRO,JUAREZ,400,44100,Guadalajara,"(20.6751683, -103.348691)",20.6751683,-103.348691
LOMAS DEL GALLO,FERNANDO SOLIS,1338,44760,Guadalajara,"(20.67890219, -103.27083555)",20.67890219,-103.27083555
SANTA MARIA,SAN MATEO,1407,44350,Guadalajara,"(20.6879689, -103.3157451)",20.6879689,-103.3157451
JARDINES DE STA ISAB,STA MARTHA,3165,44300,Guadalajara,"(20.714658, -103.313579)",20.714658,-103.313579
IXTLAHUACAN DEL RIO,HDA SAN MIGUEL,10,45260,zapopan,"(20.73963461, -103.33121106)",20.73963461,-103.33121106
SAN JUAN DE OCOTAN,MIGUEL MIRAMON,13,45019,zapopan,"(20.764462, -103.452206)",20.764462,-103.452206
VILLAS SAN IGNACIO,PABLO QUIROGA,215,45180,zapopan,"(20.72433, -103.3668977)",20.72433,-103.3668977
LA FLORESTA DEL COLLI,BOULEVARD PUERT,5430,45116,zapopan,"(20.7111733, -103.4155545)",20.7111733,-103.4155545
LA AURORA,SALVADOR LOPEZ,1750,44790,Guadalajara,"(20.6494585, -103.3388108)",20.6494585,-103.3388108
LA PERLA,PEDRO LANDAZURI,733,44360,Guadalajara,"(20.682905, -103.33238)",20.682905,-103.33238
MESA COLORADA PTE,ANAHUAC,52,45189,zapopan,"(20.7593548, -103.3370537)",20.7593548,-103.3370537
CIUDAD DEL SOL,QUETZALCOATL,232,45050,zapopan,"(20.6492751, -103.4071483)",20.6492751,-103.4071483
FRACC CUSPIDE,CAMINO AL POTRE,1200,45200,zapopan,"(20.802884, -103.4970855)",20.802884,-103.4970855
JARDINES DEL VERGEL,JARDIN DE NARDO,1527,45180,zapopan,"(20.7437494, -103.3705966)",20.7437494,-103.3705966
COLINAS D LA PRIMAVE,CASCADA,147,45066,zapopan,"(20.637151, -103.4700562)",20.637151,-103.4700562
AYUNTAMIENTO,BERNARDO DE BAL,1170,44620,Guadalajara,"(20.695428, -103.369627)",20.695428,-103.369627
SAN JUAN BOSCO,FELIX BERNARDEL,428,44730,Guadalajara,"(20.66424391, -103.30326587)",20.66424391,-103.30326587
HOGARES GUADALAJARA,CIRCUNVALACION,258,44340,Guadalajara,"(20.690509, -103.328187)",20.690509,-103.328187
INF LA TUZANIA,AV DE LAS PALME,1246,45138,zapopan,"(20.7403856, -103.4159157)",20.7403856,-103.4159157
HUENTITAN EL BAJO,VOLCAN VIRGEN,182,44250,Guadalajara,"(20.7305924, -103.316844)",20.7305924,-103.316844
MODERNA,AV ESPANA,1092,44190,Guadalajara,"(20.66398621, -103.35904694)",20.66398621,-103.35904694
EL MIRADOR,EMILIANO ZAPATA,780,44370,Guadalajara,"(20.684788, -103.3233951)",20.684788,-103.3233951
MEZQUITAN COUNTRY,DIAGONAL NAJERA,1876,44260,Guadalajara,"(20.69196018, -103.3647616)",20.69196018,-103.3647616
"FRACC, LOS MOLINOS",PLATA,70,45200,zapopan,"(20.84836438, -103.42263338)",20.84836438,-103.42263338
FRACC REAL DEL BOSQUE,BERROCAL,449,45130,zapopan,"(20.7461139, -103.3969141)",20.7461139,-103.3969141
MORELOS,CISNE,1332,44910,Guadalajara,"(20.6543829, -103.359092)",20.6543829,-103.359092
FRACC MIRADOR D SN I,AV INDUSTRIA TE,2030,45133,zapopan,"(20.7620182, -103.38813782)",20.7620182,-103.38813782
SAN ANDRES,GOMEZ FARIAS,2319,44810,Guadalajara,"(20.66032405, -103.2988143)",20.66032405,-103.2988143
JARDINES D NVO MEXIC,SEXTA PTE,535,45138,zapopan,"(20.7619118, -103.4387018)",20.7619118,-103.4387018
MIRAVALLE,JOSE JARAMILLO,526,44990,Guadalajara,"(20.6156665, -103.3528171)",20.6156665,-103.3528171
"FRACC, LOS MOLINOS",CTO OBSIDIANA,39,45200,zapopan,"(20.8474682, -103.4229366)",20.8474682,-103.4229366
MESA COLORADA PTE,NABO,543,45189,zapopan,"(20.763, -103.34626)",20.763,-103.34626
MESA DE LOS OCOTES,PASEO DE LOS PI,3153,45189,zapopan,"(20.761889, -103.347178)",20.761889,-103.347178
ALTAMIRA,AV AMERICA,580,45160,zapopan,"(20.71484895, -103.38770096)",20.71484895,-103.38770096
U H EL SAUZ INF,JAIME TORRES B,3090,44987,Guadalajara,"(20.623719, -103.3945749)",20.623719,-103.3945749
TIERRA RESIDENCIAL,SAN MATEO,2010,45200,zapopan,"(20.8026474, -103.4705006)",20.8026474,-103.4705006
RANCHO NUEVO,DOMINGO RAMIRE,1150,44240,Guadalajara,"(20.7208786, -103.3313266)",20.7208786,-103.3313266
FRACC CUSPIDE,SENDA DEL OCOTE,22,45200,zapopan,"(20.85434258, -103.44456721)",20.85434258,-103.44456721
OBLATOS,BATALLA DE IZUC,2508,44700,Guadalajara,"(20.698347, -103.288479)",20.698347,-103.288479
SAN VICENTE,PUERTO SOTO LA,2280,44330,Guadalajara,"(20.7045566, -103.314453)",20.7045566,-103.314453
JARDINES DEL NILO,MANUEL RIVERA C,2818,44860,Guadalajara,"(20.6459499, -103.3015471)",20.6459499,-103.3015471
PROGRESO,FRANCISCO SARAB,235,44730,Guadalajara,"(20.67045214, -103.30540319)",20.67045214,-103.30540319
BOSQUES D L VICTORIA,PENINSULA,2713,44540,Guadalajara,"(20.6458589, -103.3923679)",20.6458589,-103.3923679
BOSQUES D L VICTORIA,FAUNA,2765,44540,Guadalajara,"(20.644029, -103.388121)",20.644029,-103.388121
MESA DE LOS OCOTES,BETABEL,23,45189,zapopan,"(20.761285, -103.3483833)",20.761285,-103.3483833
LAGOS D OTE ZONA TET,LICURGO,336,44770,Guadalajara,"(20.665926, -103.288257)",20.665926,-103.288257
PRADOS  GUADALUPE,G ROSSINI,428,45030,zapopan,"(20.6686337, -103.4349976)",20.6686337,-103.4349976
LA ESTRADA,HIDALAGO,6,45200,zapopan,"(20.79264101, -103.47565388)",20.79264101,-103.47565388
INF LA TUZANIA,AND OYAMELES,1124,45138,zapopan,"(20.7370922, -103.4154143)",20.7370922,-103.4154143
RESIDENCIAL TESISTAN,PARQUE MEXICANO,150,45200,zapopan,"(20.79726176, -103.46569056)",20.79726176,-103.46569056
LOMAS DE MIRAMAR,PUERTO TAMPICO,80,45060,zapopan,"(20.640018, -103.448292)",20.640018,-103.448292
RANCHO NUEVO,CELERINO NAVARR,4135,44240,zapopan,"(20.717712, -103.32276)",20.717712,-103.32276
CIRCUNVAL VALLARTA,REFORMA,2749,44680,Guadalajara,"(20.6804909, -103.3859638)",20.6804909,-103.3859638
MIRAVALLE II,HERMENEGILDO BU,4308,44990,Guadalajara,"(20.6127044, -103.3450677)",20.6127044,-103.3450677
BUGAMBILIAS,PASEO DE LA VIC,4952,45238,zapopan,"(20.59412195, -103.469355)",20.59412195,-103.469355
COLINAS DEL REY,AV TORREMOLINOS,3500,45130,zapopan,"(20.752913, -103.40735)",20.752913,-103.40735
SAN ANDRES,AVELINO M PRESA,3335,44810,Guadalajara,"(20.661081, -103.2907359)",20.661081,-103.2907359
MARAVILLA,HACIENDA DE GUA,1124,44700,Guadalajara,"(20.7016579, -103.306797)",20.7016579,-103.306797
JARDINES DE STA ISAB,COMBATE DE SACR,228,44300,Guadalajara,"(20.716095, -103.314819)",20.716095,-103.314819
BOSQUES D LA CANTERA,PRIV OPALO,17,44306,Guadalajara,"(20.600206, -103.3917429)",20.600206,-103.3917429
MORELOS,PELICANO,1272,44910,Guadalajara,"(20.6506979, -103.360933)",20.6506979,-103.360933
UNIDAD JARDINES SEAT,JARDINES DE LOS,1233,45180,zapopan,"(20.748018, -103.3731032)",20.748018,-103.3731032
NUEVO MEXICO,COPALITA,2711,45138,zapopan,"(20.7647307, -103.43970355)",20.7647307,-103.43970355
RESID LAS ARBOLEDAS,AURORA BOREAL N,4170,45070,zapopan,"(20.6282461, -103.4284541)",20.6282461,-103.4284541
VILLAS SAN IGNACIO,PRIV LUIS G MON,337,45180,zapopan,"(20.73019028, -103.36212158)",20.73019028,-103.36212158
FRACC CUSPIDE,VALLE DE TESIST,198,45200,zapopan,"(20.795812, -103.4822218)",20.795812,-103.4822218
ARANDAS,HACIENDA DEL CO,3363,44720,Guadalajara,"(20.69041905, -103.28173759)",20.69041905,-103.28173759
CONJ LOMAS ALTAS,PASEO DEL ARCO,4098,45128,zapopan,"(20.6859952, -103.4110242)",20.6859952,-103.4110242
FRACC JARDINES DE BELEN,TORONJA,41,45200,zapopan,"(20.8124, -103.4826)",20.8124,-103.4826
SAN MARCOS,CANTERA,819,44330,Guadalajara,"(20.696713, -103.315329)",20.696713,-103.315329
EJIDAL LOMA BONITA,PEDRO MORENO,3205,45085,zapopan,"(20.6313377, -103.4015789)",20.6313377,-103.4015789
EJIDAL LOMA BONITA,PEDRO MORENO,3308,45085,zapopan,"(20.6317603, -103.4051996)",20.6317603,-103.4051996
INF LA TUZANIA,CAPULINES,40,45138,zapopan,"(20.731825, -103.418699)",20.731825,-103.418699
EL FORTIN,ALAMO,1359,45066,zapopan,"(20.6469306, -103.4548918)",20.6469306,-103.4548918
LA FLORIDA,FLORAL,15,45234,zapopan,"(20.5997014, -103.4273219)",20.5997014,-103.4273219
OBLATOS PONIENTE,JUAN PABLO II,3165,44700,Guadalajara,"(20.69490083, -103.3034431)",20.69490083,-103.3034431
EL CARMEN,FRANCISCO MARCO,2616,44980,Guadalajara,"(20.6231889, -103.3850919)",20.6231889,-103.3850919
LA AURORA,JARDINES DE BAB,20,44790,Guadalajara,"(20.663892, -103.278645)",20.663892,-103.278645
U. H. BENITO JUAREZ II,CREDITO,4049,44770,Guadalajara,"(20.6661078, -103.2755658)",20.6661078,-103.2755658
CIUDAD GRANJA,CALZ DE LOS LA,164,45010,zapopan,"(20.6849754, -103.4518055)",20.6849754,-103.4518055
JARDINES D NVO MEXIC,SEGUNDA NORTE,5699,45138,zapopan,"(20.7695635, -103.4477057)",20.7695635,-103.4477057
HOGARES D NVO MEXICO,AV AVIACION,36,45138,zapopan,"(20.73612975, -103.45006675)",20.73612975,-103.45006675
TABACHINES,PASEO DE LOS AV,3101,45188,zapopan,"(20.74001503, -103.36295622)",20.74001503,-103.36295622
VIGIA I,DEL CORRAL,604,45140,zapopan,"(20.7317015, -103.395332)",20.7317015,-103.395332
VILLA VICENTE GUERRE,ISLA USTICA,3318,44860,Guadalajara,"(20.632482, -103.395812)",20.632482,-103.395812
VALLARTA SAN JORGE,TUCIDIDES,156,44690,Guadalajara,"(20.678198, -103.3960161)",20.678198,-103.3960161
VILLA FONTANA DIAMANTE,ARENISCA,1896,45200,zapopan,"(20.77988405, -103.47172117)",20.77988405,-103.47172117
RESIDENC LA ESTANCIA,WOLFANG AMADEUS,5552,45030,zapopan,"(20.6731122, -103.431709)",20.6731122,-103.431709
ALTAMIRA,AV AMERICA,580,45160,zapopan,"(20.71484895, -103.38770096)",20.71484895,-103.38770096
AMERICANA,MEXICALLTZINGO,1944,44160,Guadalajara,"(20.668444, -103.3673828)",20.668444,-103.3673828
LA PALMITA,MANUEL GONZALEZ,518,45180,zapopan,"(20.7300639, -103.358865)",20.7300639,-103.358865
ARTESANOS,INDEPENDENCIA,919,44200,Guadalajara,"(20.678064, -103.356838)",20.678064,-103.356838
ARANDAS,HACIENDA LA ERR,1877,44720,Guadalajara,"(20.68994212, -103.28795987)",20.68994212,-103.28795987
HELIODORO HERNANDEZ,CELIA PACHECO,3713,44720,Guadalajara,"(20.696344, -103.2789)",20.696344,-103.2789
EL ARENAL,PROLONGACION SA,43,45350,zapopan,"(20.7781097, -103.69340721)",20.7781097,-103.69340721
RINCONADA DE HUENTITAN,JOSE MARIA CANA,5128,44250,Guadalajara,"(20.731589, -103.324636)",20.731589,-103.324636
GENERAL REAL,PENSADOR MEXICA,1070,44400,Guadalajara,"(20.665364, -103.3312438)",20.665364,-103.3312438
INDEPENDENCIA,ROGELIO BACON,2280,44290,Guadalajara,"(20.70184763, -103.33378321)",20.70184763,-103.33378321
REVOLUCION SEGUNDA SECCION,REVOLUCION,51,45200,zapopan,"(20.79241785, -103.50448743)",20.79241785,-103.50448743
PRADOS TEPEYAC,PRADO DE LAS RO,308,45050,zapopan,"(20.65714869, -103.41220962)",20.65714869,-103.41220962
SANTA ROSA,MELQUIADES CAMP,2289,44700,Guadalajara,"(20.702616, -103.287933)",20.702616,-103.287933
REAL DE TESISTAN,PASEO DE LA ARB,176,45200,zapopan,"(20.78520695, -103.47614185)",20.78520695,-103.47614185
HDA SAN ISIDRO,LA VILLA,455,45147,zapopan,"(20.7291911, -103.4000505)",20.7291911,-103.4000505
EL BRISE?,PASEO DE LA MAT,200,45236,zapopan,"(20.62495613, -103.44025421)",20.62495613,-103.44025421
BENITO JUAREZ,ADOLFO LOPEZ MA,4754,45199,zapopan,"(20.79533048, -103.5005241)",20.79533048,-103.5005241
VALENTIN GOMEZ FARIA,JUAN DE DIOS CO,12,44977,Guadalajara,"(20.6166636, -103.36543282)",20.6166636,-103.36543282
PASEOS DEL SOL,TOMAS BALCAZAR,5404,45079,zapopan,"(20.637128, -103.427021)",20.637128,-103.427021
VILLA FONTANA DIAMANTE,AV LAS TORRES,1896,45200,zapopan,"(20.77988405, -103.47172117)",20.77988405,-103.47172117
